name,demand,cutoff,yield,trueyield,preferability
University of Arkansas at Pine Bluff,568,0.0,0.5,0.0007543290920029163,4.469233322714244e-6
Delaware State University,1036,0.0,0.28,0.0013758537663996855,8.151629792837952e-6
Wesley College,556,0.0,0.3,0.0007383925618901787,4.37481290040338e-6
Edward Waters College,208,0.0,0.4,0.0002762331886207863,1.6366206533883148e-6
St Thomas University,210,0.0,0.63,0.0002788892769729092,1.6523573904401256e-6
Paine College,268,0.0,0.22,0.0003559158391844746,2.1087227649426365e-6
Savannah State University,1301,0.0,0.54,0.0017277854730559758,1.0236747452202872e-5
University of Hawaii-West Oahu,301,0.0,0.43,0.0003997412969945032,2.368378926297513e-6
Calumet College of Saint Joseph,192,0.0,0.88,0.00025498448180380273,1.5107267569738292e-6
Indiana State University,2661,0.0,0.29,0.0035339255524995785,2.093772864743416e-5
Saint Mary-of-the-Woods College,64,0.0,0.2,8.499482726793424e-5,5.03575585657943e-7
Kentucky State University,506,0.0,0.21,0.000671990353087105,3.981394474108112e-6
Mid-Continent University,201,0.0,0.62,0.000266936879388356,1.5815420737069772e-6
Thomas College,269,0.0,0.35,0.0003572438833605361,2.1165911334685415e-6
University of Maryland Eastern Shore,610,0.0,0.27,0.0008101069473974982,4.799704800802269e-6
Morgan State University,899,0.0,0.33,0.0011939117142792637,7.073663304788918e-6
American International College,346,0.0,0.26,0.0004595032849172695,2.722455509963254e-6
Mount Ida College,307,0.0,0.21,0.00040770956205087207,2.4155891374529455e-6
College of Our Lady of the Elms,198,0.0,0.27,0.0002629527468601716,1.5579369681292613e-6
Rust College,287,0.0,0.66,0.0003811486785296426,2.2582217669348383e-6
Felician College,153,0.0,0.11,0.00020319075893740528,1.20386038446352e-6
Saint Peter's University,610,0.0,0.18,0.0008101069473974982,4.799704800802269e-6
Chowan University,474,0.0,0.21,0.000629492939453138,3.7296066812791404e-6
Elizabeth City State University,527,0.0,0.23,0.000699879280784396,4.146630213152124e-6
Greensboro College,200,0.0,0.19,0.0002656088352122945,1.573673705181072e-6
Livingstone College,395,0.0,0.17,0.0005245774495442816,3.108005567732617e-6
North Carolina Central University,1407,0.0,0.31,0.001868558155718492,1.1070794515948842e-5
Winston-Salem State University,685,0.0,0.24,0.0009097102606021087,5.3898324402451716e-6
Holy Family University,297,0.0,0.29,0.0003944291202902573,2.3369054521938917e-6
Lincoln University of Pennsylvania,448,0.0,0.23,0.0005949637908755396,3.525029099605601e-6
Neumann University,503,0.0,0.27,0.0006680062205589207,3.957789368530396e-6
Pennsylvania State University-Penn State Shenango,90,0.0,0.57,0.00011952397584553253,7.081531673314823e-7
Pennsylvania State University-Penn State Beaver,208,0.0,0.36,0.0002762331886207863,1.6366206533883148e-6
Southern Wesleyan University,158,0.0,0.24,0.00020983097981771266,1.2432022270930467e-6
Paul Quinn College,70,0.0,0.11,9.296309232430308e-5,5.507857968133752e-7
Prairie View A & M University,1464,0.0,0.32,0.0019442566737539958,1.1519291521925446e-5
Sul Ross State University,310,0.0,0.36,0.00041169369457905646,2.4391942430306616e-6
Texas Southern University,1110,0.0,0.25,0.0014741290354282346,8.73388906375495e-6
College of St Joseph,33,0.0,0.26,4.382545781002859e-5,2.596561613548769e-7
Southern Vermont College,93,0.0,0.28,0.00012350810837371694,7.317582729091984e-7
Vermont Technical College,194,0.0,0.41,0.0002576405701559257,1.52646349402564e-6
Ferrum College,569,0.0,0.23,0.0007556571361789779,4.477101691240149e-6
Norfolk State University,829,0.0,0.38,0.0011009486219549607,6.522877507975544e-6
Virginia State University,1244,0.0,0.23,0.0016520869550204719,9.788250446226266e-6
Rhode Island College,1071,0.001059301775375431,0.34,0.001423843592607343,8.728968953583137e-6
Fayetteville State University,612,0.0010813705623624193,0.28,0.0008136428852139673,4.991537275518974e-6
Pennsylvania State University-Penn State Fayette- Eberly,224,0.0012272132996985557,0.41,0.00029784741775011365,1.8353915218152598e-6
Cabrini College,304,0.0013482022595687306,0.19,0.00040427046788096165,2.5003632294806134e-6
LIU Brooklyn,879,0.0014049686704979403,0.18,0.001168993229621677,7.242432047244249e-6
Keystone College,321,0.0014124023671672416,0.4,0.00042690514234934276,2.6454373591261446e-6
Pennsylvania State University-Penn State Dubois,183,0.001573496020162214,0.47,0.00024341509690547765,1.5153816134346815e-6
Lock Haven University,1052,0.0017526629374393496,0.32,0.0013995554221339355,8.757765833507563e-6
Pennsylvania State University-Penn State Schuylkill,248,0.0018408199495478336,0.44,0.0003299623569525232,2.069775593465618e-6
University of Maine at Machias,104,0.0019021806145327615,0.27,0.00013837981771709718,8.694825701980799e-7
Bowie State University,627,0.002076231479735845,0.3,0.0008344161394464617,5.267907535846415e-6
Pennsylvania State University-Penn State Worthington Scranton,282,0.00213207531068463,0.48,0.0003753086439429726,2.372977353197521e-6
Southern University at New Orleans,684,0.0021999999999999997,0.9,0.0009103850635658921,5.7665119150857425e-6
University of Washington-Tacoma Campus,410,0.002404901327879357,0.4,0.000545810733142108,3.47569147333094e-6
St Thomas Aquinas College,337,0.002579169540044528,0.22,0.0004487081818076032,2.870181288387881e-6
Castleton State College,480,0.002746337936158525,0.23,0.0006392167096085312,4.1062568340909085e-6
Lane College,405,0.002954822954822955,0.18,0.0005394518760913936,3.483637272681059e-6
Pennsylvania State University-Penn State Abington,691,0.003003443075578044,0.28,0.0009204430238850291,5.951185468943893e-6
Pennsylvania State University-Penn State Greater Allegheny,201,0.0031354625514276283,0.36,0.00026777648252145504,1.7369087372113344e-6
La Roche College,229,0.0032019803664757353,0.28,0.00030509903744580934,1.9821963393565986e-6
Eastern Nazarene College,165,0.0032239619250556597,0.31,0.0002198360320472185,1.42900870498447e-6
North Carolina A & T State University,1849,0.0032356854229649533,0.59,0.0024635248730585295,1.6018249644216074e-5
Centenary College,216,0.003566588652248928,0.23,0.00028788430693154065,1.8859440609942866e-6
Edinboro University of Pennsylvania,1191,0.0036318918012871924,0.43,0.0015874661188711632,1.0414916308448799e-5
Concordia College-New York,153,0.0036752136752136832,0.17,0.00020394028305461455,1.3392566495478097e-6
La Sierra University,477,0.003707556213814009,0.29,0.00063583446399928,4.1783936841404635e-6
University of Maine at Fort Kent,162,0.004221278017896368,0.55,0.00021605518552727737,1.4355738262291048e-6
Averett University,241,0.004398795507914926,0.16,0.0003214727392722427,2.1442092247892417e-6
Barry University,576,0.005070162343677277,0.16,0.000768851648085405,5.203162366712825e-6
University of Bridgeport,542,0.005135887659238455,0.16,0.0007235158394966525,4.903250105660282e-6
Indiana University-Northwest,830,0.005405409059392387,0.61,0.001108267304257685,7.553612244461237e-6
Texas Woman's University,1161,0.005425692020215623,0.3,0.0015502705791176634,1.0570604273576818e-5
Pennsylvania State University-Penn State Hazleton,433,0.005774892610079878,0.43,0.0005783832292711297,3.971456898842054e-6
Brewton-Parker College,150,0.006002710060460777,0.61,0.00020040962729519896,1.3823712774063448e-6
Pennsylvania State University-Penn State Mont Alto,325,0.00608874546932335,0.48,0.000434258446367816,3.0005330038166527e-6
Dominican College of Blauvelt,286,0.006340602048442538,0.25,0.00038224429330270174,2.654340413474102e-6
University of North Carolina at Pembroke,1020,0.006340602048442538,0.46,0.0013632488782124327,9.466528747355189e-6
Indiana University-Southeast,1026,0.006355810652252587,0.62,0.0013712889777310502,9.525130368385132e-6
Newberry College,238,0.006616561858498847,0.45,0.00031817977003317793,2.2208827586811946e-6
Lyndon State College,365,0.006677868114849056,0.27,0.00048799488977708914,3.4100685072195933e-6
Bethany College,185,0.007038072812663881,0.22,0.0002474296001129758,1.7405642849387562e-6
Francis Marion University,744,0.0072606309187191005,0.33,0.0009952913098471442,7.03033896338045e-6
Pennsylvania State University-Penn State Brandywine,368,0.007339949816241053,0.36,0.0004923339633746227,3.4826686695004333e-6
Cedar Crest College,141,0.007811090711796022,0.23,0.0001887284035043324,1.3464609241472356e-6
University of Hawaii at Hilo,461,0.008176618717264767,0.38,0.0006172755923262645,4.4332555605896045e-6
The University of Virginia's College at Wise,335,0.008550564710187294,0.46,0.0004487317084915633,3.2446628994148782e-6
Nichols College,414,0.00871573643488662,0.21,0.000554644423499753,4.022454129644172e-6
Purdue University-North Central Campus,653,0.008750979395668212,0.55,0.000874868805862154,6.348818740616602e-6
Wayland Baptist University,348,0.008870414866695198,0.61,0.0004662956087696978,3.3909700604811376e-6
Husson University,444,0.00917453004111808,0.35,0.000595111482343872,4.3508424487515085e-6
Southern Connecticut State University,1380,0.009341562105374008,0.38,0.0018499826911682472,1.3564506021710522e-5
College of Mount Saint Vincent,386,0.009601849204852948,0.22,0.0005175949203339731,3.8118133694316266e-6
Truett-McConnell College,204,0.0098207686940762,0.54,0.0002736080533210428,2.022389145793535e-6
Bay Path College,135,0.010091824553901752,0.26,0.000181113731773661,1.344807530786947e-6
Eastern Washington University,1579,0.011624437088811319,0.38,0.002121644679098052,1.6169277606082863e-5
Utica College,489,0.011931860218432774,0.16,0.0006572558874711073,5.034667625969089e-6
Methodist University,452,0.01194095464252534,0.18,0.0006075304612616636,4.6544610967632745e-6
Pennsylvania State University-Penn State New Kensington,154,0.012132948841080347,0.44,0.00020703069595603458,1.5910955326713564e-6
Bluefield State College,306,0.012133820336118574,0.64,0.000411373044487747,3.16157513197512e-6
Fisk University,226,0.012397106316648539,0.17,0.00030390553299262,2.3456242859844856e-6
Mount Aloysius College,379,0.012500044038358145,0.36,0.0005097000153657215,3.940552158098464e-6
Mansfield University of Pennsylvania,629,0.012504333578880127,0.34,0.0008459174203468691,6.540339133044004e-6
Ohio Christian University,719,0.012814466137065895,0.51,0.0009672586660095619,7.5153286228336165e-6
Montana State University-Northern,200,0.013204994734132088,0.53,0.00026916313296572946,2.104156541036773e-6
Gwynedd Mercy University,211,0.01323586744639377,0.26,0.0002839759897066869,2.2210275250696005e-6
Johnson State College,225,0.01338112305854242,0.27,0.00030286258108110537,2.3741158360867956e-6
Texas A & M University-Corpus Christi,2051,0.013860239149050133,0.31,0.0027621019993673817,2.1814349430843867e-5
Indiana University-South Bend,921,0.014811919477869284,0.54,0.0012415179500592226,9.94676216356973e-6
Southeastern University,865,0.015226470330419668,0.69,0.0011665201974697828,9.40390036485002e-6
Southwestern Christian University,254,0.015760784381309952,0.71,0.0003427248329132807,2.7847434608069563e-6
Silver Lake College of the Holy Family,40,0.016261789346767915,0.39,5.399990207474449e-5,4.420309509048932e-7
Indiana University-Kokomo,508,0.01626642890844118,0.65,0.0006858019907673119,5.614206319958085e-6
Pennsylvania State University-Penn State Wilkes-Barre,148,0.016835707562455872,0.38,0.00019991626991435295,1.650383772793052e-6
Pfeiffer University,218,0.017370826334486035,0.14,0.0002946316251749627,2.4516870033903803e-6
Mary Baldwin College,218,0.01780744337356814,0.08,0.0002947625986657878,2.4687740422422112e-6
Carlow University,206,0.017825905451508865,0.32,0.0002785423702245249,2.3335627632903245e-6
Lynn University,456,0.017902876372073048,0.22,0.0006166275510989705,5.171856036399603e-6
Mount Mary University,115,0.018079899891707815,0.45,0.00015553717683366078,1.3079394438827668e-6
Hope International University,78,0.018189639650000207,0.41,0.00010550657226296488,8.886551855953914e-7
Pennsylvania State University-Penn State York,300,0.018478691972428737,0.27,0.00040591401282879754,3.4334872852065873e-6
Pennsylvania State University-Penn State Berks,814,0.018696343871677217,0.38,0.0011016243061593924,9.348086756047615e-6
California University of Pennsylvania,1154,0.019116277753035236,0.41,0.00156243084110338,1.3339322018202077e-5
Plymouth State University,930,0.019585639330354326,0.23,0.001259754174646708,1.0827322571420246e-5
Adams State University,519,0.019971155275427036,0.37,0.0007033006539410707,6.077555994728663e-6
University of Pittsburgh-Bradford,379,0.02122289073854507,0.47,0.000514242454144733,4.5228332308253275e-6
Rivier University,223,0.0214084243469599,0.27,0.00030263274141112146,2.6686831904757007e-6
Immaculata University,247,0.021745622827198226,0.19,0.0003353186238074354,2.971027537571553e-6
Frostburg State University,895,0.02202957086718184,0.39,0.0012153736985984001,1.0811840568522519e-5
Indiana University-East,404,0.023230170336771775,0.62,0.0005492899461419895,4.969340660381111e-6
Barton College,217,0.025679438296192278,0.18,0.0002957810781508967,2.7713423157835465e-6
Lander University,569,0.025679438296192278,0.4,0.0007755734261191715,7.266791602215843e-6
Kutztown University of Pennsylvania,1815,0.026058170429241752,0.29,0.0024748913193449133,2.3315443127644367e-5
Wesleyan College,117,0.026198774740810008,0.35,0.00015956148397516706,1.5061366846194464e-6
Chestnut Hill College,192,0.027164714776566637,0.18,0.00026210447511187864,2.507720145015489e-6
Franklin Pierce University,538,0.02717271727172719,0.18,0.0007344446228083848,7.027688203510257e-6
Shorter University,309,0.02719523847339807,0.28,0.0004218376252178463,4.037704514779298e-6
Eastern Mennonite University,232,0.029173469114639455,0.33,0.0003173648834723123,3.1231259275907944e-6
California Baptist University,993,0.030051063228085723,0.33,0.0013596054563634712,1.3548235383071732e-5
University of South Carolina-Aiken,526,0.03317474231509099,0.39,0.000722520673778254,7.531821119269448e-6
Emory & Henry College,267,0.034048989245896735,0.24,0.0003670867270293468,3.876296442151365e-6
Central Washington University,1502,0.034780345066917635,0.41,0.002066599392428062,2.2060915321544757e-5
Notre Dame de Namur University,172,0.035074220825658524,0.1,0.00023672659930179147,2.537836848941257e-6
Clayton  State University,545,0.035553532077921945,0.56,0.0007504657853254538,8.101618763563996e-6
St Andrews University,178,0.03565694399451,0.31,0.0002451325406107309,2.650267251417237e-6
University of West Georgia,2214,0.036377270684062483,0.57,0.003051287310218773,3.3334748341495186e-5
Wilson College,76,0.03805227320079496,0.32,0.00010492395227806396,1.1735851680954003e-6
Indiana University of Pennsylvania-Main Campus,2741,0.038237931696118076,0.32,0.0037848956686388413,4.244657134034878e-5
Delaware Valley College,416,0.0387242547170014,0.32,0.0005747220607120665,6.487842743015715e-6
The University of Texas-Pan American,3102,0.03898342352638086,0.54,0.0042867034086542365,4.856041206406762e-5
Oklahoma Wesleyan University,187,0.040100023765825776,0.16,0.000258718894751707,2.9729425297798585e-6
Fresno Pacific University,212,0.04072502990351174,0.38,0.00029349808355440884,3.399898711814705e-6
Bethany College,184,0.041453181316704515,0.27,0.00025492769224457433,2.9811392739537186e-6
LIU Post,659,0.04184810877336446,0.14,0.0009134054005822551,1.0736571780045257e-5
Pennsylvania State University-Penn State Lehigh Valley,225,0.04295186749147401,0.29,0.00031222038836293257,3.723082058669983e-6
Florida Agricultural and Mechanical University,1145,0.04345775545826747,0.51,0.001589695165338873,1.908256552925213e-5
Fitchburg State University,759,0.04349449618340173,0.3,0.0010538209405054613,1.2655959502078004e-5
Concord University,529,0.04375254061012574,0.43,0.0007346794621391892,8.852172918576065e-6
Shippensburg University of Pennsylvania,1520,0.04439751821906648,0.31,0.0021124130442308716,2.566114741152699e-5
New Mexico State University-Main Campus,1918,0.04479902008058466,0.42,0.0026666521320997763,3.255535543434294e-5
Northwest Christian University,82,0.045688166491197266,0.37,0.00011411324748708173,1.4081329830620551e-6
Pennsylvania State University-Penn State Altoona,1379,0.04577967720501057,0.28,0.0019192348716955945,2.3709208238015098e-5
Presentation College,131,0.046195814924367064,0.49,0.00018239989904244073,2.264403771059232e-6
Becker College,361,0.046830893520636074,0.15,0.0005029788988115627,6.291606166636553e-6
Kentucky Christian University,135,0.04728277527552864,0.45,0.00018818381689293884,2.3666369067275316e-6
University of Washington-Bothell Campus,573,0.04873102192491984,0.31,0.0007999517806446993,1.0237332491733519e-5
Dickinson State University,165,0.048798943804806,0.81,0.00023036905565123372,2.9505453182324888e-6
Muskingum University,405,0.04972036457788604,0.27,0.0005659995976510431,7.330455833680725e-6
Alvernia University,389,0.05010819592661344,0.28,0.0005438610821490999,7.076881072438277e-6
Missouri Valley College,415,0.05014839801950007,0.86,0.0005802362515537724,7.553865082757391e-6
Kuyper College,37,0.050513580705971735,0.36,5.175180341263838e-5,6.766935422841212e-7
Menlo College,139,0.05078576181089176,0.09,0.00019447468553012573,2.551248540481073e-6
West Liberty University,501,0.051358876592384556,0.32,0.0007013717999244987,9.264984752288505e-6
West Virginia State University,418,0.05148293184985408,0.42,0.0005852530062282677,7.742619805013707e-6
San Diego Christian College,99,0.051747163593129704,0.36,0.00013865117865428955,1.8400969554976778e-6
Columbus State University,1045,0.052173092203487495,0.59,0.0014641978958062928,1.9531542809651014e-5
Pacific Union College,335,0.05274991129226847,0.32,0.0004696698414539426,6.3080897774213424e-6
Oakland City University,108,0.052937103462641945,0.23,0.00015144587707853604,2.038567437745725e-6
Campbellsville University,525,0.05307083914546404,0.29,0.0007362992093337572,9.926810005531175e-6
Morehouse College,488,0.053712993303492045,0.27,0.000684872087782826,9.303637596262006e-6
Valley City State University,186,0.053882339376868135,0.65,0.00026108403534581956,3.553757149084234e-6
Bloomsburg University of Pennsylvania,2218,0.05442128665673624,0.27,0.0031151314437796937,4.2671498528612535e-5
University of Nevada-Las Vegas,3773,0.05503233192765927,0.6,0.005302520758727534,7.314183371840853e-5
Tarleton State University,1617,0.05511207480739876,0.46,0.002272700682733009,3.137591600748547e-5
Louisiana College,266,0.055282124109858374,0.4,0.00037393147716136915,5.171499857172138e-6
Blue Mountain College,83,0.05611613503187686,0.25,0.00011678096289613429,1.6292268225369241e-6
Arkansas Tech University,1755,0.0563940605720301,0.54,0.002470011507558765,3.456024949756057e-5
Alice Lloyd College,189,0.05690188784504096,0.11,0.0002661444721823139,3.7433197572113485e-6
Schreiner University,299,0.056989934112067465,0.36,0.0004210826830024208,5.927876993500051e-6
Suffolk University,1188,0.057260014523071896,0.16,0.001673543612731001,2.362484656588177e-5
Concordia University-Saint Paul,287,0.05732895507914218,0.4,0.00040432840340570985,5.711724698770169e-6
University of Southern Maine,868,0.05733621353894392,0.27,0.001222856294447226,1.7275872988401867e-5
Radford University,1986,0.05760126395857195,0.33,0.0027987046594915416,3.964240695401976e-5
Stevenson University,752,0.05765169647834505,0.24,0.0010597877840560865,1.5018692037083538e-5
Indiana University-Purdue University-Fort Wayne,1660,0.05835682119927791,0.54,0.0023411769785979504,3.340147141929731e-5
Pennsylvania State University-Penn State Harrisburg,628,0.05873394875356081,0.28,0.0008860531424268339,1.2685912965805958e-5
Manchester University,359,0.05880713296729219,0.23,0.0005065570255639222,7.257469732199059e-6
Point Park University,548,0.059533287893379847,0.23,0.0007738372864378217,1.116169690812576e-5
Stephen F Austin State University,2253,0.060393815864649224,0.35,0.0031844016984838045,4.629940544584805e-5
Indiana University-Purdue University-Indianapolis,3796,0.06089174597189534,0.45,0.005368130533094516,7.840149515792185e-5
University of Michigan-Flint,724,0.06242704878203859,0.31,0.0010255244482250227,1.5177758404271969e-5
Lynchburg College,512,0.0626225270965326,0.14,0.0007253839971610851,1.0753804605307187e-5
Alderson Broaddus University,438,0.06310207112916447,0.21,0.0006208609616801897,9.242274280333779e-6
Central Baptist College,129,0.0631503094741501,0.44,0.00018286572589437482,2.723304980385462e-6
Wheelock College,217,0.06363113497151235,0.19,0.0003077692958069168,4.602352451257219e-6
Bryn Athyn College of the New Church,81,0.06432292812751497,0.4,0.00011496656431444463,1.7294601685565634e-6
University of Saint Francis-Fort Wayne,388,0.06516642800268643,0.38,0.0005512009364521754,8.352617256549483e-6
University of Southern Indiana,1709,0.06696973514596706,0.4,0.0024325336298111687,3.7446887786381146e-5
SUNY College at Old Westbury,410,0.06717342649519428,0.21,0.0005837077626759939,9.001495356391198e-6
The College of New Rochelle,532,0.06792872482505291,0.6,0.000758010165619675,1.1765726937498412e-5
Midwestern State University,847,0.06805481840493124,0.39,0.0012069952603851943,1.8755102954256227e-5
Gardner-Webb University,435,0.06891141440416443,0.16,0.0006204556961860412,9.71172838742086e-6
Ohio Valley University,91,0.06966700136804643,0.28,0.000129901895557081,2.046471465569907e-6
Oregon Institute of Technology,363,0.0698121750246418,0.18,0.000518260960815183,8.174843071912868e-6
Texas A & M University-Texarkana,187,0.07055987676592373,0.61,0.0002671976975336051,4.241772262259856e-6
Wingate University,642,0.07095810803969202,0.15,0.0009177243441977013,1.4618897929512723e-5
Washington State University,4163,0.07163392482782274,0.34,0.0059552455144578085,9.541529524292006e-5
Millersville University of Pennsylvania,1299,0.07273922145990026,0.33,0.0018604576238196286,3.007835358539966e-5
Franklin College,296,0.0731414467548563,0.22,0.0004241219706479043,6.879162697458976e-6
Shenandoah University,459,0.07331690391013368,0.3,0.0006578001469804536,1.0684479796603345e-5
Maine Maritime Academy,225,0.07354404738472133,0.44,0.0003225301092516327,5.248339952416719e-6
Lake Erie College,205,0.07408247925439666,0.32,0.00029403164968016903,4.8053537045137e-6
Central Connecticut State University,1293,0.0741075783917384,0.36,0.0018546011173358567,3.031582690724335e-5
Southern Virginia University,226,0.07480370867943224,0.3,0.00032440465510458807,5.332150499990018e-6
Hood College,281,0.07514097848219975,0.21,0.00040349978190280474,6.650007871525659e-6
Slippery Rock University of Pennsylvania,1409,0.07757966284243208,0.38,0.002028591704554942,3.4093660519366647e-5
University of Indianapolis,830,0.07806625220464235,0.19,0.0011956137507352594,2.0172435724092802e-5
Lubbock Christian University,255,0.078158139637713,0.34,0.0003673637306539588,6.202687431720796e-6
University of Pittsburgh-Johnstown,772,0.07980498935945851,0.54,0.001114166119207479,1.9060339887933893e-5
Bridgewater College,536,0.08016053354719356,0.18,0.0007738651192191161,1.327624978596774e-5
Rocky Mountain College,238,0.08034700118503019,0.26,0.0003436888851663749,5.90496714875094e-6
Texas Wesleyan University,273,0.08340219586011834,0.27,0.0003955454163508474,6.964748471157e-6
Grace University,96,0.08468336624625515,0.63,0.00013928758224249823,2.478413158421831e-6
University of Pittsburgh-Greensburg,394,0.08525692753839613,0.34,0.0005720178934617551,1.0226472378099168e-5
Worcester State University,780,0.08551398277704013,0.31,0.0011327395256120064,2.0293929529646004e-5
University of North Carolina at Greensboro,2516,0.08605654709214162,0.41,0.0036559801772632562,6.579128574927203e-5
Alaska Pacific University,33,0.0862373645732203,0.18,4.796153411280555e-5,8.643321272351681e-7
Ottawa University-Ottawa,145,0.08865538154861233,0.55,0.0002112992183529147,3.882618993123315e-6
Cumberland University,212,0.08872773890168763,0.56,0.0003089585597455794,5.680445300820908e-6
Illinois College,270,0.0896412268881041,0.17,0.0003938797956665861,7.295842241198073e-6
University of Minnesota-Crookston,213,0.09012863813348664,0.4,0.00031089384868736406,5.781667091700175e-6
Concordia University-Irvine,373,0.09062449206767444,0.2,0.0005447259942124956,1.0171428898861664e-5
Grand View University,298,0.0913656978725737,0.39,0.0004355516444181282,8.182423074672313e-6
Holy Cross College,157,0.09159294421694958,0.3,0.00022952588744692309,4.31999805892745e-6
Pennsylvania State University-Penn State Erie-Behrend College,1080,0.09214729057378519,0.37,0.001579868292790463,2.9871113142106746e-5
Seton Hill University,386,0.09288205410383193,0.25,0.0005651140011934074,1.0748979473890371e-5
Hiram College,290,0.0929789326202166,0.2,0.00042461286171709844,8.08289309057578e-6
Western Carolina University,1558,0.09353236678050092,0.27,0.0022825887549398557,4.364723754939605e-5
Westminster College,309,0.09411117655892304,0.12,0.00045299780699820834,8.702384520254505e-6
Greenville College,277,0.09428017213249215,0.24,0.00040616118301744965,7.813184657649387e-6
Central Methodist University-College of Liberal Arts and Sciences,291,0.09460842178604272,0.35,0.00042684388118149923,8.232626713320427e-6
Iowa Wesleyan College,103,0.09465124770576917,0.13,0.00015108934516969052,2.9150874124138844e-6
University of Toledo,3428,0.09472401684140197,0.34,0.005028892315970295,9.708273336124906e-5
Bowling Green State University-Main Campus,3348,0.09521200790444406,0.29,0.004914180935531504,9.52222174649096e-5
Morehead State University,1649,0.09556936862687027,0.37,0.00242135192060063,4.704174620333113e-5
Eastern Michigan University,2636,0.09572627581668361,0.35,0.0038713105937692458,7.529638210338949e-5
Eastern Kentucky University,2306,0.0957601585968583,0.39,0.0033867893558479022,6.588807996383573e-5
Lakeland College,218,0.09646073126194579,0.37,0.0003204217463461836,6.263383334583319e-6
Sterling College,169,0.09709097933524602,0.43,0.0002485737329206751,4.879880500113007e-6
University of Arkansas-Fort Smith,1343,0.09757464078937096,0.6,0.00197641091337535,3.8928545008880444e-5
Northern Illinois University,2679,0.09768603555787397,0.18,0.003943007077218832,7.772217320712506e-5
Saint Xavier University,594,0.0978371933491157,0.11,0.0008744078505175887,1.725285117751956e-5
Rider University,911,0.0980648776028425,0.16,0.001341391652624054,2.6506099088508e-5
Saint Vincent College,472,0.09827957847812037,0.34,0.0006951565431368078,1.3755430993564576e-5
Black Hills State University,619,0.09840702489292562,0.72,0.000911785437197337,1.8056757447905302e-5
West Virginia Wesleyan College,471,0.09851150057883583,0.35,0.0006938622149107681,1.3750230621285853e-5
Texas Lutheran University,346,0.09891302081841823,0.39,0.0005099433190507496,1.0131367520043146e-5
Rockford University,113,0.09931651203172293,0.26,0.0001666167903593587,3.3187852310998684e-6
University of Memphis,2134,0.10076062928329597,0.52,0.003151603859889292,6.335872357507735e-5
University of New Haven,1174,0.10141217104444289,0.16,0.0017350823285781237,3.502495097793036e-5
Simpson University,150,0.1017212286851795,0.47,0.00022176481596869973,4.485260982049925e-6
Massachusetts Maritime Academy,300,0.10257959611958946,0.49,0.00044395386052703783,9.027485815828221e-6
University of La Verne,623,0.10354415271097263,0.23,0.0009229361648857018,1.8881414899503176e-5
The University of Texas at San Antonio,4493,0.10385505825018594,0.4,0.006658412278033074,0.00013648377461795137
Robert Morris University,998,0.10449093232715786,0.22,0.0014800387126772858,3.0453475906331756e-5
Eastern Connecticut State University,985,0.10486481210586618,0.3,0.0014613697809132044,3.0136257771176336e-5
Roberts Wesleyan College,206,0.10520296109990898,0.35,0.0003057420715260209,6.317577147681627e-6
Lycoming College,347,0.10565197605425748,0.28,0.0005152706963674001,1.0675346503463687e-5
Marymount University,400,0.10578874998962766,0.23,0.0005940628351728154,1.2317684252031537e-5
Saint Francis University,403,0.10682586677582892,0.32,0.0005992132810886577,1.2500693367907444e-5
Hardin-Simmons University,415,0.10769796399511403,0.53,0.0006176589437508504,1.295215923667692e-5
Madonna University,191,0.10778838381016159,0.29,0.0002843007567094599,5.9649062300587275e-6
Midway College,115,0.10779149228823898,0.48,0.00017117644466175508,3.5915140900360585e-6
York College Pennsylvania,1064,0.10824647553461039,0.15,0.0015845622860605237,3.3335714936891005e-5
Kentucky Wesleyan College,163,0.11000007154515799,0.24,0.00024322608775243694,5.170058334286453e-6
Texas State University,5181,0.11135833185799653,0.36,0.0077428249460332315,0.00016591915143218908
Eastern University,459,0.11146124595718544,0.39,0.0006860390433604468,1.4709528626272436e-5
Roosevelt University,444,0.11167532891596894,0.17,0.0006637793966160327,1.4249437524834773e-5
Saint Martin's University,159,0.1117018212300299,0.28,0.0002377118731529618,5.103750407337658e-6
Wheeling Jesuit University,238,0.11187299286277784,0.27,0.0003558888665276166,7.648388814305117e-6
Ursuline College,103,0.11220591656358625,0.4,0.0001540768886461371,3.3174443564925126e-6
Valdosta State University,1734,0.11225749361054195,0.55,0.002594027642831297,5.586841826443202e-5
SUNY Maritime College,331,0.11227089330425137,0.4,0.0004951765341034441,1.066556531598417e-5
D'Youville College,258,0.11353909246286721,0.28,0.0003865205949981583,8.38366758834704e-6
Northern Arizona University,4772,0.11381921599171216,0.15,0.007151392720907924,0.00015535498330006894
Framingham State University,826,0.11740505226115888,0.29,0.001242885530035197,2.75222243047306e-5
Southwestern College,128,0.1175180465748508,0.33,0.0001926267770984925,4.268080341024612e-6
Florida Gulf Coast University,2761,0.11788504512151521,0.39,0.0041567484485180665,9.228391730594724e-5
University of Massachusetts-Dartmouth,1443,0.12102367927791761,0.25,0.0021802268171256323,4.921366969706531e-5
Marshall University,1858,0.12330714011898372,0.82,0.002814561623619363,6.430885685550855e-5
Saint Joseph's College-New York,547,0.12424815646728755,0.23,0.0008295045790314574,1.904748511086608e-5
Bethel College-North Newton,123,0.12432975753470615,0.22,0.0001865421773334216,4.2853151151457805e-6
Lindenwood University,1369,0.12445461139000617,0.61,0.0020765256726604877,4.7734106684363716e-5
Whittier College,446,0.12572604165555346,0.16,0.0006774852400328037,1.567746111931965e-5
Judson College,68,0.1263608019733148,0.34,0.00010336876387433078,2.399987286393728e-6
Ohio Dominican University,239,0.1276707764826201,0.18,0.0003638563853207517,8.50646105656408e-6
Kent State University at Kent,4111,0.12889983273032057,0.31,0.0062674647680311,0.00014748403617796056
East Carolina University,4015,0.12908482063821242,0.42,0.006122407202494976,0.0001442070136592208
Ashland University,623,0.12909503634083994,0.29,0.0009500135562553757,2.2377717742848106e-5
Florida Atlantic University,3479,0.13037119095744162,0.29,0.005312917006055343,0.00012593319678579084
St Mary's University,596,0.13160094048441995,0.2,0.0009114638255989924,2.1732180365976367e-5
McKendree University,387,0.13583826558882647,0.38,0.0005947417892623881,1.4475151478967342e-5
University of North Carolina at Charlotte,3541,0.13640189333647657,0.38,0.005445362132163533,0.0001329001132343042
Concordia University-Wisconsin,580,0.13650205140826957,0.33,0.0008920294754282532,2.178135395404132e-5
Molloy College,501,0.13832935485746783,0.21,0.0007721629325050752,1.9019412147569547e-5
Nicholls State University,1243,0.13835776640180683,0.59,0.0019158286890730606,4.7195840141648936e-5
Lake Superior State University,418,0.13865011389542123,0.31,0.0006444796412573004,1.5898486282013605e-5
Southern Illinois University-Edwardsville,1966,0.1394181006563261,0.31,0.003033917924753117,7.511467776793943e-5
University of Wisconsin-Whitewater,2168,0.13972647653276485,0.45,0.0033468422486106313,8.298102996326396e-5
Monmouth College,392,0.14001756904426352,0.21,0.000605353433136464,1.5028976010050157e-5
Bryan College-Dayton,187,0.1400308593458278,0.43,0.00028878275880292833,7.169979377945438e-6
College of the Ozarks,357,0.14013893354311713,0.91,0.000551381832890232,1.3696587685685635e-5
Philadelphia University,550,0.14048141086464258,0.16,0.0008498062823383362,2.1142410232161976e-5
Dominican University,497,0.14147784412074446,0.24,0.0007688071309313781,1.9213812151519895e-5
The University of Texas at Tyler,704,0.14357110600140208,0.41,0.0010916762693305479,2.754451848912062e-5
Southern Adventist University,490,0.14501220780085358,0.55,0.0007611122079255943,1.9331224782656584e-5
Trinity Christian College,205,0.1471053437134375,0.39,0.0003192059583043388,8.186173491455112e-6
The Richard Stockton College of New Jersey,1069,0.14756586188411103,0.28,0.0016654415405600613,4.280255131813737e-5
Dominican University of California,305,0.14774584165484222,0.17,0.00047527309750562105,1.2224867135904143e-5
Corban University,222,0.14938575871674314,0.24,0.0003466034222997086,8.983201100565154e-6
SUNY College at Brockport,1085,0.150231122362506,0.27,0.0016956703980883945,4.412153585857828e-5
Mercyhurst University,600,0.15044026267981125,0.27,0.0009379287537217282,2.442864775117899e-5
Evangel University,460,0.15113794864764518,0.52,0.0007196697272719737,1.8804489420786167e-5
Monmouth University,906,0.15133067045260223,0.21,0.001417758344293383,3.707800668188161e-5
Geneva College,334,0.1518175284296906,0.29,0.0005229614731171236,1.3707316212632531e-5
Queens University of Charlotte,316,0.15324797261413667,0.21,0.0004956137641985074,1.307620437763408e-5
Bethel College-Indiana,250,0.15425477812767216,0.28,0.00039256626632823936,1.0405720863846411e-5
Citadel Military College of South Carolina,676,0.1546035695317098,0.33,0.001061937134653219,2.819419608497359e-5
Endicott College,629,0.15547761795165457,0.24,0.0009891268775098568,2.6367403774701706e-5
Columbia International University,103,0.15791720473201007,0.54,0.0001624407373039835,4.379599017568141e-6
Xavier University of Louisiana,675,0.15815180096173523,0.26,0.0010648354654266454,2.8740836214852238e-5
The University of Texas at Arlington,2713,0.15895671501577796,0.42,0.004283945801579483,0.00011606315911445695
Ball State University,3616,0.15954565970611367,0.35,0.005713823476667478,0.0001552197952832282
Houston Baptist University,1135,0.16001630499282232,0.26,0.001794475474689888,4.884996220939727e-5
Stephens College,168,0.1603041609979297,0.32,0.0002657050460598713,7.242297973724091e-6
Wells College,161,0.1680042013878553,0.12,0.00025699061546051417,7.252528155472853e-6
The University of West Florida,1333,0.1691654989079717,0.22,0.002130728664208247,6.045668843286198e-5
University of South Florida-St Petersburg,562,0.1699711374164442,0.4,0.0008991986430729863,2.560873501793624e-5
Huntington University,227,0.17096190291493765,0.3,0.00036363350372669635,1.0403649524707013e-5
Guilford College,407,0.17339526927063859,0.2,0.0006538965476039466,1.892192416827707e-5
University of Hawaii at Manoa,1981,0.17608479615081288,0.36,0.0031931144133363265,9.358425284189722e-5
Kennesaw State University,3194,0.17623910289997377,0.6,0.005149277069685041,0.0001510250384261285
University of Rhode Island,2993,0.17756413034356253,0.19,0.004833004451292265,0.0001426100525227942
Marymount Manhattan College,399,0.17792060546778105,0.13,0.000644572324489469,1.9050047936774066e-5
University of Idaho,1643,0.17846085958060895,0.34,0.0026559618086548047,7.868526845882847e-5
George Fox University,624,0.17875818939635238,0.34,0.0010090810710833506,2.9934129466464352e-5
Fontbonne University,160,0.1788693496083097,0.36,0.0002587737628213932,7.6802006202179e-6
University of Nevada-Reno,2994,0.1799741872971389,0.45,0.004848828172886826,0.00014461032003103467
The University of Tampa,1592,0.1818230095186571,0.2,0.002584094093193734,7.768510933578653e-5
University of St Francis,237,0.18187618541789285,0.27,0.000384717403547701,1.1568316319319264e-5
University of Maine,1997,0.18223442090641154,0.3,0.003243110602104766,9.766873218327491e-5
St Bonaventure University,438,0.18228353282089352,0.2,0.0007113509051879193,2.142729482160765e-5
University of Mary Hardin-Baylor,675,0.18506131601708684,0.14,0.0010999966457111876,3.352537379964196e-5
Towson University,2748,0.18553281612993872,0.26,0.004480801029301085,0.0001368381917609456
Maranatha Baptist University,210,0.1862174678562746,0.7,0.0003427073769183012,1.0495675299501872e-5
Mount St Mary's University,429,0.18821774272249872,0.13,0.0007018273021155891,2.167461252445922e-5
Southern Utah University,1272,0.1884984448357685,0.27,0.0020816622977491627,6.436402208568092e-5
Andrews University,388,0.18875900635793716,0.41,0.0006351764079358206,1.9660637925866606e-5
Eureka College,138,0.18997110999815306,0.21,0.0002262513085132869,7.038581683299548e-6
University of South Alabama,1878,0.19017656011572448,0.45,0.0030797663290653204,9.589245387629162e-5
University of South Florida-Sarasota-Manatee,86,0.191586510558494,0.63,0.0001412789378616011,4.424564367217723e-6
The College of Idaho,292,0.19208597543606065,0.29,0.00047998782991699366,1.5063407878395306e-5
University of California-Riverside,4034,0.1933454350375795,0.21,0.006641418072780089,0.0002095222563235237
Walla Walla University,393,0.19369064750177065,0.4,0.0006472966728899561,2.044923307103945e-5
High Point University,1257,0.19555201703174535,0.26,0.002075151612848468,6.605316554856006e-5
Linfield College-McMinnville Campus,449,0.19778281944320417,0.23,0.0007433047427851548,2.387465347089489e-5
Randolph-Macon College,382,0.19833648437422483,0.2,0.0006328252008069447,2.0371982198752664e-5
University of Sioux Falls,237,0.1987076788166031,0.18,0.0003927985597836909,1.2664139184606084e-5
Spring Arbor University,368,0.19935527760616292,0.21,0.0006104083910394158,1.973206582533428e-5
Ave Maria University,254,0.20100840745582915,0.26,0.0004221861955336729,1.3740243556801428e-5
Georgia Southern University,3604,0.2012289067289788,0.66,0.005992043591519373,0.0001951905516095847
Anderson University,502,0.20339973495194663,0.35,0.0008369042864210485,2.750019501385605e-5
University of Montevallo,531,0.20346643724684763,0.44,0.0008853254783780936,2.9099081651322883e-5
Howard University,1394,0.2051673891114029,0.24,0.0023291615820342426,7.708064231912984e-5
Manhattan College,757,0.20536318051573035,0.16,0.001265143291410795,4.1901055497694755e-5
Lesley University,316,0.20702080585757598,0.18,0.000529221904856247,1.7643920751337476e-5
SUNY Oneonta,1119,0.20770946140144594,0.21,0.0018756773691144266,6.2706747393146e-5
Saint John Fisher College,521,0.20913237419623149,0.21,0.0008748758871307059,2.941516373268006e-5
Abilene Christian University,1030,0.21433918460325163,0.21,0.0017410636683624758,5.9789927492329846e-5
Flagler College-St Augustine,708,0.21795804078855466,0.26,0.0012023079651629024,4.191236388197759e-5
Wartburg College,451,0.21826228608286863,0.26,0.0007661750389430694,2.6742717615187806e-5
Roanoke College,542,0.2196044848299474,0.18,0.0009223527422097878,3.237493810632498e-5
Wentworth Institute of Technology,900,0.22012241048545783,0.25,0.0015325991854687573,5.3911439051674614e-5
The University of Findlay,581,0.22131370266189074,0.38,0.0009908915424983854,3.50296333931976e-5
Indiana Wesleyan University,1437,0.22231419804481362,0.44,0.002453946666124562,8.711433984463248e-5
Doane College-Crete,287,0.2237364019062339,0.22,0.0004910041891254613,1.753379030722699e-5
Ramapo College of New Jersey,901,0.22386785039812834,0.26,0.001541706271599732,5.50845768530175e-5
Otterbein University,575,0.22892621023687537,0.25,0.000990340238993124,3.614480043081569e-5
Baker University,235,0.2293722524811536,0.31,0.00040498201937221777,1.4808876399085949e-5
The Evergreen State College,509,0.2337582983084355,0.33,0.0008821948532989005,3.287614376901212e-5
Cornerstone University,362,0.2342318860141995,0.23,0.0006278036169878544,2.3444415665734662e-5
Campbell University,788,0.23515222104576802,0.1,0.0013682445573252587,5.130139537575841e-5
Northwest Nazarene University,261,0.23707766948583167,0.34,0.0004543313468337485,1.7179370028051175e-5
The College of Saint Scholastica,432,0.237196103442613,0.33,0.0007521134680194893,2.8454084743359173e-5
SUNY at Purchase College,775,0.2373343965151781,0.28,0.0013495222962000596,5.108638519287004e-5
The University of Montana,1967,0.23751656249770814,0.43,0.0034259929669686294,0.00012979467939553923
Millikin University,451,0.23779260620550238,0.21,0.0007858070234952473,2.9805778369613572e-5
University of North Dakota,2360,0.2381994817414422,0.59,0.004114179736540061,0.00015632344244287413
Lewis University,694,0.239745917504659,0.23,0.0012123087260005737,4.636418835241494e-5
Arkansas State University-Main Campus,1619,0.24268572997663318,0.44,0.002839116607398911,0.0001099453610101591
Grand Valley State University,4078,0.24367865356472102,0.27,0.007160665470443826,0.0002784678953706557
University of California-Santa Cruz,3827,0.2453482991275589,0.19,0.006734795742077493,0.0002637114212415936
Virginia Commonwealth University,3525,0.2463364843742248,0.36,0.006211466554447324,0.00024418351453682144
Emmanuel College,515,0.2463989512944165,0.13,0.0009075660813455964,3.568665722794753e-5
North Dakota State University-Main Campus,2553,0.24656197831190788,0.52,0.004500034088920104,0.00017705877014402606
Milligan College,206,0.25122029695949816,0.49,0.0003653639370268366,1.4635108060769854e-5
Arcadia University,597,0.2529977490411293,0.1,0.0010613654404534748,4.281111739577512e-5
Hampden-Sydney College,293,0.25434726776617417,0.2,0.0005218474053200278,2.1161183608096805e-5
Quinnipiac University,1803,0.25565622905866364,0.13,0.003216878736569086,0.00013112340752317173
Randolph College,216,0.2575185060898051,0.25,0.0003863497533367131,1.586373433891834e-5
Ohio University-Main Campus,4244,0.2606640219074968,0.28,0.007623353455280793,0.00031697136578267356
Florida Southern College,635,0.2622262500488296,0.26,0.0011430442623566498,4.781652568620062e-5
Newman University,165,0.26372423549253354,0.16,0.00029761578421195047,1.2523157239629458e-5
Embry-Riddle Aeronautical University-Daytona Beach,944,0.2645219207289493,0.31,0.0017045697724187444,7.195069442809715e-5
Salve Regina University,465,0.26845921364197206,0.14,0.0008441641988863084,3.6192446011892724e-5
Northwest University,218,0.26894800768022326,0.48,0.00039602331082186826,1.701222338380741e-5
Texas Tech University,4785,0.2717667759721513,0.38,0.008726176138059767,0.00037914642410885623
Saint Joseph's University,1275,0.2775750353914812,0.21,0.002343850790643636,0.00010421469038395035
Westminster College,261,0.27856547727411274,0.26,0.00048045875132557826,2.1447726754408562e-5
Adelphi University,918,0.27857599434225516,0.16,0.0016899140367707887,7.544111850229615e-5
University of Minnesota-Duluth,2054,0.28001684870053795,0.37,0.0037887035727252613,0.00017011306101423176
Carroll College,315,0.28033499116724636,0.18,0.0005812897811133991,2.6132738503594235e-5
University of Mary Washington,947,0.2811233584235212,0.26,0.0017494765610581,7.889552029917603e-5
Northwestern College,284,0.28166006623469775,0.31,0.0005250502279951017,2.372800547591538e-5
Prescott College,49,0.2837959225230285,0.17,9.085980752337242e-5,4.140960611155389e-6
University of Arizona,7401,0.2853535562981578,0.37,0.013753451141683222,0.0006307380024864319
Pacific Lutheran University,648,0.2854665847919281,0.25,0.001204384018677749,5.5256889774368206e-5
Saint Edward's University,791,0.2875928410143797,0.27,0.0014745541647284716,6.819469509792385e-5
Berea College,397,0.290962707214502,0.72,0.0007435907014497563,3.483210261034303e-5
Capital University,691,0.2926880973705441,0.25,0.0012974170549752897,6.117972798204604e-5
Siena College,734,0.30177835116540036,0.13,0.00139609596301709,6.824821093129222e-5
Drew University,400,0.3018229735966066,0.15,0.0007608638645145873,3.720160100902131e-5
Spring Hill College,431,0.30276358105454837,0.14,0.000820936807558349,4.0292281645143534e-5
Houghton College,223,0.30412668095331047,0.3,0.0004255858690881034,2.100439875125836e-5
University of St Thomas,237,0.30414944602848126,0.39,0.00045231906180166894,2.232586605782359e-5
Montana Tech of the University of Montana,262,0.3046953796249317,0.5,0.0005004246540752345,2.4755395862004858e-5
John Carroll University,793,0.30588402825065514,0.26,0.0015172378600690824,7.542219858611824e-5
Seton Hall University,1342,0.31175467517358163,0.16,0.002589534894005988,0.0001319132653497041
Duquesne University,1547,0.3118758092283373,0.31,0.0029856301637400636,0.0001521680713780315
Hartwick College,528,0.3121685364778046,0.12,0.0010194464227759631,5.202092698014265e-5
Webster University,418,0.31382105826997225,0.41,0.0008090053947066544,4.156617160695936e-5
Georgia College and State University,1392,0.3159906335734268,0.51,0.002702649384372161,0.00014012662060872648
Hamline University,536,0.31655227550127174,0.24,0.0010415305411851932,5.412763339222237e-5
New Jersey Institute of Technology,1029,0.31657002652418714,0.36,0.001999557394618161,0.00010392329557241366
Alma College,376,0.31699250074458585,0.21,0.000731096819205467,3.806352526465264e-5
Saint Mary's College of California,622,0.317881080174396,0.18,0.001210996284520929,6.327998958153931e-5
Hanover College,334,0.3194498062152304,0.16,0.0006517766931160614,3.427956571656376e-5
Bryant University,890,0.32239143528659736,0.19,0.0017443098836783814,9.287565914765288e-5
University of Utah,3124,0.32266982098608443,0.34,0.006125240148100361,0.0003265187578521406
Montana State University,2914,0.3276100692384869,0.27,0.005755470973011544,0.00031314248531193005
State University of New York at New Paltz,1119,0.32775339322493785,0.2,0.0022106194632084473,0.00012034544683552206
Temple University,4390,0.32886413609867865,0.37,0.008686935457478517,0.00047505237892133247
Susquehanna University,589,0.32985995381991357,0.25,0.001167245599123623,6.408120218605158e-5
Champlain College,594,0.33025687582783114,0.17,0.0011778519436919598,6.476396339967894e-5
University of North Florida,1615,0.33039694559729615,0.28,0.0032030787945739954,0.00017621681070671263
Biola University,903,0.343493420777721,0.26,0.0018266745969311576,0.00010592198417725567
Oglethorpe University,282,0.3452492429578273,0.11,0.0005719862919153724,3.3412466143847586e-5
Ohio Wesleyan University,541,0.3457010135207895,0.18,0.001098078881514644,6.426632640863879e-5
Xavier University,1289,0.34619185227622284,0.17,0.0026182741051836286,0.00015355417243467898
University of California-Irvine,5077,0.3463254233964051,0.21,0.010314735379333728,0.0006052654635830895
Oklahoma Christian University,533,0.34740849784836925,0.43,0.0010846717180762419,6.392220596832214e-5
Virginia Military Institute,502,0.3569481859858194,0.53,0.0010367409932664582,6.353323529031864e-5
University of Cincinnati-Main Campus,4486,0.3576789041437677,0.38,0.009275121449763545,0.0005701546438555876
Dordt College,381,0.3582570977283559,0.37,0.0007884541134593525,4.858117327477223e-5
Salisbury University,1246,0.36697838795116267,0.25,0.002614038781419886,0.0001670453342919607
Stonehill College,610,0.3684717080613378,0.13,0.0012827722173944674,8.249906378484662e-5
Appalachian State University,3028,0.3700129196385399,0.39,0.006383174973694501,0.0004132532119176019
University of North Carolina Wilmington,2053,0.37192868650641026,0.34,0.004341027260564465,0.00028332380704351707
Warren Wilson College,220,0.37718899566953085,0.26,0.0004691145736058576,3.1308119941538796e-5
Florida International University,2990,0.38021543561488014,0.42,0.006406826362904396,0.0004332681143251861
Saint Anselm College,508,0.38671148857571835,0.18,0.0011000474146702188,7.653904300342995e-5
Saint Mary's College,437,0.38915249676258484,0.33,0.000950082143027602,6.683615830870619e-5
Seattle Pacific University,767,0.39090640230023715,0.21,0.0016723372021737242,0.00011858982467428495
University of Evansville,543,0.39873083192506914,0.22,0.0011993430328553147,8.823195911050493e-5
Lyon College,174,0.4097076569063043,0.23,0.00039146651542796223,3.0437850494128605e-5
University of Louisville,2857,0.4127230017749929,0.44,0.006460702909317628,0.0005104946415092023
Lawrence Technological University,341,0.41374873780839516,0.43,0.0007724726465304438,6.136654489336237e-5
John Brown University,305,0.4145576658612433,0.38,0.0006918759544347312,5.5198453962973484e-5
University of Detroit Mercy,481,0.41537885068124997,0.21,0.0010926550458017802,8.755202229149435e-5
Mills College,217,0.4155553177209029,0.17,0.000493093007676163,3.9547247719528124e-5
North Greenville University,505,0.4159707994143682,0.49,0.0011483369465748305,9.230146740956988e-5
Drury University,325,0.41738237837257935,0.37,0.0007408192632662809,5.999168461048255e-5
Wagner College,430,0.4182429265402103,0.21,0.0009816107474383878,7.98554789498714e-5
Messiah College,648,0.4185287382844185,0.35,0.001479991674135,0.00012058250428595406
Ohio Northern University,613,0.41907223881107886,0.27,0.0014013637052902614,0.00011450507499632392
Valparaiso University,876,0.41969625753893436,0.18,0.0020047547742773754,0.00016434838892986496
Samford University,765,0.4229994358033517,0.29,0.0017607500888695458,0.0001469000031567938
Saint Johns University,497,0.42711469486948206,0.38,0.00115212931731977,9.829742006430983e-5
Simmons College,339,0.43080176415945337,0.16,0.000790949351801854,6.888898571140988e-5
Michigan State University,8061,0.4308584251724326,0.37,0.01880966806277494,0.001638783939444821
Lake Forest College,403,0.43727110472096953,0.19,0.0009510828525828452,8.570977640103759e-5
University of South Florida-Main Campus,3904,0.43782186758432895,0.3,0.009222494018160181,0.0008335913215699699
The Kingâ€™s College,127,0.4385890306464925,0.06,0.00030042450106386275,2.7262448487973743e-5
University of San Francisco,1148,0.4399309187130683,0.13,0.0027221547574369626,0.00024876100983573565
College of Saint Benedict,538,0.4426223430001023,0.34,0.0012818737129988748,0.0001188045252126795
Syracuse University,3487,0.44359625791366664,0.25,0.008322895213756148,0.0007753486905200108
Stetson University,852,0.4445991458107898,0.14,0.002037255847681691,0.0001907614758147216
Embry-Riddle Aeronautical University-Prescott,448,0.44519397913846137,0.34,0.0010723816406167357,0.00010071818852120587
University of Central Florida,6068,0.4469774876195014,0.39,0.014571869824345305,0.001381118399549145
Washington College,350,0.4473801684165215,0.11,0.000841112524481128,7.987428182436831e-5
Providence College,1027,0.4479609459430492,0.18,0.0024706610135492805,0.00023527373609911814
Clarkson University,757,0.4486329332473443,0.18,0.0018233396622680902,0.00017418669795883472
Oklahoma City University,351,0.4533842069363182,0.34,0.000852780896038381,8.335441153053522e-5
Bradley University,1085,0.4583218978271154,0.18,0.0026601184822620063,0.00026651260269178054
Gordon College,481,0.4586113573371357,0.29,0.0011799088461546428,0.00011838583612068275
Coe College,390,0.4644393938813924,0.21,0.0009670935889359825,9.999245791910219e-5
Texas A & M University-College Station,10241,0.46467113370383395,0.47,0.025405879008813213,0.0026300455237716677
University of Minnesota-Morris,469,0.4666130273799935,0.31,0.0011677314042998965,0.00012198857072988426
Austin College,364,0.4740163987299979,0.2,0.0009190554209659268,9.951563793569578e-5
Saint Michael's College,512,0.47935723550316184,0.15,0.0013059984014194503,0.00014531707422621486
University of Dayton,1761,0.4794408178661779,0.21,0.004492641517642155,0.0005001083416351023
University of North Carolina at Asheville,553,0.4817445286242323,0.28,0.0014170780048157025,0.0001596192402536066
University of Delaware,4224,0.48232105051507634,0.26,0.010836172892996937,0.0012242171886559434
The University of Alabama,6454,0.48234627227701055,0.37,0.016557781105919947,0.0018708472880161718
University of the Pacific,958,0.4824176796786876,0.09,0.0024580946271060312,0.00027782738277177627
Seattle University,976,0.48370544513305097,0.19,0.0025105264109748842,0.00028540089911688034
Covenant College,268,0.4861022045047004,0.42,0.0006925809807015021,7.958967800197805e-5
Luther College,628,0.48789003464022657,0.25,0.001628579404778201,0.00018868976970443416
Wofford College,415,0.49173918986158943,0.22,0.0010843612611317092,0.00012790543571046295
Berry College,672,0.4973111019776592,0.29,0.0017753439350348395,0.00021511090806612034
Allegheny College,604,0.5027135070159302,0.21,0.0016130313082258305,0.00020081501055626284
Cornell College,261,0.5080814492687522,0.18,0.0007046278889803743,9.02203574880532e-5
Ursinus College,425,0.5099153806284824,0.16,0.0011516761647201539,0.00014892490103041118
Drexel University,3040,0.5202603088219792,0.08,0.00841551026414602,0.0011541421857031722
Indiana University-Bloomington,7604,0.5224954947059037,0.28,0.021148382481861145,0.0029381782718290814
Cedarville University,781,0.5272751180321876,0.32,0.0021940933110743952,0.0003127804678319364
Loyola University Chicago,2512,0.5291916083524865,0.19,0.0070857848531384335,0.0010208305235875842
Westmont College,298,0.5312381907105889,0.2,0.0008442606812748696,0.000122986426730481
Pennsylvania State University-Main Campus,7649,0.536108129620106,0.3,0.021897796774009774,0.0032778125214573644
University of California-Davis,5208,0.5366761102350672,0.23,0.014927902967483956,0.00224105351974585
Willamette University,545,0.5368142502506622,0.12,0.0015626216401199578,0.00023474477129716234
University of Vermont,2495,0.5374971734558369,0.14,0.007164216149837908,0.0010797738262829436
Elon University,1474,0.538928229695057,0.27,0.004245623439968874,0.0006441923704963982
Texas Christian University,1936,0.5473047366963705,0.22,0.005679523806129466,0.0008971281784877098
Rollins College,477,0.5495133074195531,0.17,0.0014062059599423073,0.0002245437272937017
Michigan Technological University,1153,0.5513614582141966,0.33,0.003413070417231219,0.0005500313788951688
University of Maryland-Baltimore County,1657,0.5519138527165635,0.27,0.004911040461917899,0.0007936021168275494
Purdue University-Main Campus,6422,0.5549931952384269,0.34,0.01916532423192114,0.0031443054802272343
Loyola Marymount University,1341,0.5602794798244743,0.22,0.004050088996045807,0.00068112099569646
Butler University,1015,0.5604738113311974,0.16,0.003066858980087147,0.0005162397146329721
North Carolina State University at Raleigh,4398,0.5613771253916751,0.42,0.01331608227576807,0.002250957633827347
Soka University of America,112,0.5633567345013031,0.61,0.0003406463799436037,5.8093627929900006e-5
Baylor University,3190,0.5634129891147708,0.19,0.009703589012064737,0.0016552625951057737
DePauw University,641,0.5659213557183754,0.21,0.0019611107988604637,0.0003382046443781468
Florida State University,6048,0.5663001392242124,0.36,0.018519745804050747,0.003199128786749606
Taylor University,459,0.568179574154838,0.32,0.001411633726262848,0.00024572117150121575
Creighton University,966,0.5682992958980222,0.24,0.0029717131843554592,0.0005175349943734692
Chapman University,1289,0.5691745824317775,0.25,0.00397341677890247,0.0006944416311640325
Marquette University,1990,0.5706242751789684,0.15,0.006155000754790879,0.0010820079932105167
Auburn University,3726,0.5753125398986488,0.29,0.011651609865815541,0.002087249827836511
St Mary's College of Maryland,419,0.5835411833777119,0.29,0.0013361477475321067,0.00024746082475087525
University of Dallas,380,0.5850015360113031,0.34,0.0012160449512340957,0.0002266028726553849
University of California-Santa Barbara,4741,0.5852341960715032,0.19,0.015180271321964813,0.002831527070824986
Rochester Institute of Technology,2784,0.5918152363036956,0.28,0.00905784662973351,0.0017353599625114394
Yeshiva University,857,0.5921147964374321,0.66,0.002790328869358207,0.0005352354742116343
University of Washington-Seattle Campus,6253,0.597000085395429,0.37,0.02060610916272933,0.00403222109092139
University of Denver,1413,0.5976003362414976,0.13,0.004663339932363973,0.0009146287367410365
Clemson University,3463,0.5992725804200726,0.32,0.011476671565229838,0.0022652785462312997
Bentley University,974,0.6001973328935927,0.3,0.0032353836877721622,0.0006407696989966444
The College of Wooster,560,0.6133799579353946,0.18,0.0019236062740641603,0.0004007891208914611
University of Puget Sound,670,0.617645346854297,0.17,0.0023271316058029413,0.0004934797626811036
Kalamazoo College,454,0.6276652620312493,0.27,0.0016193279714408796,0.00035878395062916897
Illinois Institute of Technology,465,0.6308094912588317,0.29,0.0016726880221656223,0.0003760485745900246
Stony Brook University,2709,0.6358138908405053,0.23,0.009878662536727712,0.0022748559011710164
Emerson College,863,0.6361214877717164,0.22,0.0031496834394607776,0.0007263629610483439
Earlham College,254,0.6401413343774359,0.21,0.0009373769564115868,0.00022035354464672972
Trinity College,604,0.6406493630202924,0.25,0.002232189398864001,0.0005260277441484482
Sewanee-The University of the South,488,0.6447185263654176,0.25,0.0018241467850490113,0.0004385783163962819
Thomas Aquinas College,88,0.6480532172094728,0.62,0.0003320612467793672,8.120279618193944e-5
University of Georgia,4936,0.6483849408775759,0.48,0.01864318914383315,0.00456687572464784
Muhlenberg College,579,0.6524975539913731,0.24,0.002212754433160172,0.0005530582112824552
University of Pittsburgh-Pittsburgh Campus,3678,0.6530081240005489,0.26,0.014076832391205095,0.0035273121416854007
Skidmore College,660,0.6635166867432413,0.23,0.0026049112145176074,0.0006876755090119355
American University,1627,0.6696227928641924,0.22,0.00654018445516978,0.0017842020139768372
Fordham University,1967,0.6698398087267974,0.12,0.00791210740531498,0.0021610108062392777
University of Wisconsin-Madison,6279,0.6717776747424102,0.4,0.02540591769601803,0.007010696148145465
University of Minnesota-Twin Cities,5544,0.6740971127325017,0.29,0.022591628364561196,0.0063049308338366345
The University of Texas at Austin,7249,0.6748198872083196,0.47,0.029605107611353033,0.008289220475155469
Centre College,377,0.6830278966546179,0.22,0.0015795480078246117,0.00045769765092947
New College of Florida,222,0.6940570539969246,0.27,0.0009636627055381864,0.0002937849133675252
University of Florida,6373,0.6948424977774204,0.51,0.027735269401525174,0.008488035918705946
University of California-San Diego,4575,0.6999018319038353,0.2,0.020246048631440767,0.006339131914464661
Polytechnic Institute of New York University,451,0.7002846484621171,0.17,0.0019983892060598018,0.0006267313915445763
Boston University,3877,0.7088517397330554,0.19,0.017684554480488848,0.005762492867933713
Lewis & Clark College,473,0.7102988981477757,0.12,0.002168320697646161,0.0007110539858154978
Ohio State University-Main Campus,7130,0.7119958872013197,0.41,0.03287784637276085,0.010863041450316786
Lafayette College,635,0.7170235872424746,0.27,0.0029801354946203317,0.001004820277241428
SUNY at Binghamton,2664,0.719148496965103,0.22,0.012597082966610159,0.004284971987508014
Dickinson College,625,0.7197908719752233,0.24,0.002962171917415294,0.0010101941842028724
Colorado School of Mines,949,0.7217758274630862,0.22,0.004529850557521645,0.001557178587921094
St Olaf College,752,0.7220948777640659,0.32,0.0035936337278100494,0.001236919831626955
University of Illinois at Urbana-Champaign,7329,0.7255463386369898,0.35,0.03546404051604443,0.01237716545826277
University of California-Los Angeles,5620,0.7271306748763705,0.35,0.027352316960083084,0.00960052742347135
Southern Methodist University,1431,0.7419938992814652,0.23,0.007365838290844116,0.002724227049723639
George Washington University,2387,0.7510695748881336,0.33,0.012734648433730655,0.004880201512276441
Occidental College,548,0.7574191822396916,0.21,0.003000106171629726,0.001179884037948942
Union College,559,0.7598438500352956,0.26,0.0030912249989328605,0.001228328054325445
Bucknell University,933,0.760674516259256,0.4,0.005177322518681737,0.0020646032286588145
University of North Carolina at Chapel Hill,3915,0.7622207593270887,0.5,0.02186605077283766,0.008777406853973341
University of Richmond,805,0.7643097359521388,0.26,0.004535934337586343,0.0018360736099069898
Villanova University,1659,0.766144862093871,0.23,0.009421325132357675,0.003841866547007407
Wheaton College,598,0.7705566553028496,0.44,0.0034612920166981146,0.0014367839153727464
Whitman College,392,0.7821640958657201,0.27,0.002389841652068474,0.001044212920182866
Colorado College,522,0.7838473682641252,0.41,0.0032071738120273453,0.0014126676198673279
University of Miami,2140,0.7871391429811198,0.18,0.013351513174258577,0.0059764358528158245
Kenyon College,483,0.7953762444361129,0.31,0.0031347549812583745,0.0014626921690267698
Bryn Mawr College,365,0.7981016099631706,0.34,0.0024008914789960143,0.001136875712813416
Tulane University of Louisiana,1609,0.8090717177353464,0.2,0.01119175773194759,0.005657923754242517
Georgia Institute of Technology-Main Campus,3044,0.810466536127534,0.38,0.021329038098788198,0.01087799280149124
Colby College,483,0.8114906951923195,0.34,0.0034027250680920057,0.0017459435558197648
Brandeis University,833,0.8124902192441339,0.24,0.005899749838113967,0.003045141551869428
University of Michigan-Ann Arbor,6200,0.8130202807917143,0.4,0.044036187060528316,0.022799844338299236
Davidson College,483,0.8146675969575123,0.4,0.0034610533641580158,0.0018067787664721195
Macalester College,555,0.8153250461524785,0.24,0.0039911449948035775,0.00209038820222135
Barnard College,580,0.8155670093335868,0.5,0.004176398264391024,0.0021900498025043042
University of Rochester,1472,0.8191158924072817,0.24,0.010807367508283977,0.005769552024269548
University of California-Berkeley,4162,0.8213658240736407,0.37,0.030942118618144193,0.016707616863538312
New York University,5207,0.8256319655263834,0.35,0.039658220875331406,0.021848284676955307
College of William and Mary,1479,0.8264159871941343,0.32,0.011315427640168862,0.006254251453381687
University of Virginia-Main Campus,3520,0.8289432333142985,0.41,0.027328445347769688,0.015261736507782816
Oberlin College,781,0.8293978858003619,0.35,0.0060796579595155465,0.003400989466724725
Cooper Union for the Advancement of Science and Art,186,0.8295795648385419,0.75,0.001449451860121165,0.0008113690663707698
Emory University,1363,0.8371868690894609,0.3,0.011117802365500827,0.0064092151776003504
Case Western Reserve University,1252,0.8380852275004175,0.16,0.010269052556234488,0.0059409617589838044
Reed College,354,0.8402076979680042,0.25,0.0029421169377209793,0.0017161626756445687
Scripps College,272,0.8426790021041334,0.32,0.00229612080218194,0.001352568903565001
University of Southern California,2922,0.850887054297172,0.31,0.026024199737729594,0.015882666504809868
Boston College,2215,0.8513408845855451,0.28,0.01978767223103047,0.012099380843759926
Hamilton College,491,0.861783735462946,0.36,0.004717749337462172,0.003015087622368334
Northeastern University,2891,0.8640110665934615,0.19,0.028233001148085447,0.01823189467750622
Wesleyan University,752,0.8655812843351203,0.36,0.00742968875620019,0.00483025083015034
Middlebury College,598,0.8679633199461655,0.39,0.006014771175410941,0.0039507620118629586
Washington and Lee University,480,0.8679840541911831,0.42,0.004828668238552534,0.0031719612019986275
Vassar College,666,0.8696408321397618,0.36,0.006784926873767824,0.004488766511050748
Claremont McKenna College,337,0.8727467962850874,0.52,0.00351701076489494,0.002358492200856201
Haverford College,330,0.8740534295010953,0.39,0.0034796864762911294,0.0023471810220036557
Carleton College,527,0.8758521801183043,0.36,0.0056374673470008,0.003834016393900312
Wellesley College,595,0.8822464950668626,0.43,0.006710511803493733,0.004707711186838198
Johns Hopkins University,1390,0.895375930094216,0.36,0.017643945665541293,0.013376827938545721
Cornell University,3223,0.8983923211754432,0.52,0.04212561913589995,0.03258865578765957
Tufts University,1314,0.9011937202238008,0.38,0.01766132730933089,0.013896337844820802
Bowdoin College,497,0.9020733699356126,0.47,0.006740127328680385,0.005330802032393049
Carnegie Mellon University,1442,0.9034710523812601,0.3,0.019839019787561248,0.015820454349356743
Brown University,1543,0.9065484382641691,0.58,0.02192763957712613,0.017797236356687174
Amherst College,466,0.9088028366250921,0.41,0.006786050828143657,0.0055776746788076155
Williams College,547,0.9124833066296557,0.45,0.008300589708429104,0.006972145265452835
Dartmouth College,1098,0.9168537427510481,0.49,0.017537680631245476,0.015148048014117158
Duke University,1714,0.9180106538737844,0.42,0.027762969523689642,0.02415908324117496
Swarthmore College,388,0.9184744690490684,0.41,0.006320488002978937,0.005514891986821966
University of Pennsylvania,2421,0.920665148228257,0.63,0.040526891756164994,0.035820325243001445
Rice University,978,0.922805978118627,0.38,0.016825489494304065,0.015037824186111827
Northwestern University,2037,0.9267614348495263,0.41,0.03693717894498816,0.033707477366154016
Pomona College,397,0.9282462507306295,0.4,0.0073478186612537695,0.006752973986288069
Stanford University,1677,0.930724217635419,0.76,0.032148753969089304,0.029906772057361072
Vanderbilt University,1613,0.9320208757237771,0.41,0.0315116630111755,0.02948112381711662
Columbia University in the City of New York,1415,0.9338412926737444,0.6,0.028404160012679314,0.026760072508319587
Washington University in St Louis,1610,0.9364358985581124,0.34,0.03363771492016981,0.03197525846057723
Harvey Mudd College,217,0.9418959506915724,0.34,0.004959819317851573,0.004795890972472707
Princeton University,1285,0.9445041708103011,0.65,0.0307507211110517,0.030007106895331252
University of Chicago,1426,0.948961709730702,0.53,0.0371052984939597,0.03672547652824177
Massachusetts Institute of Technology,1115,0.9514915409903109,0.72,0.03052600075406995,0.030417525670831353
Harvard University,1659,0.9526307799577608,0.81,0.04651174931994582,0.04645610612665606
Yale University,1356,0.9527484953842974,0.66,0.03811154623298295,0.038070421232116076
California Institute of Technology,249,0.9590225465522962,0.43,0.008069876774098001,0.008069876774098001
